condition	entropy	transition_potential	fpi	condition_label
normal	0.578437565505696	0.401418929635149	0.979856495140845	Normal
disease	0.800278546776824	0.0768422282520795	0.877120775028904	Disease
