expected_cost	entropy	converged	iterations
15.3812209546272	2.16019274837591	TRUE	45
