metric	mean
rmse	0.184515352017318
nb_best_objective	1.27209576818008
dominant_accuracy	0.4375
