scenario	interval_type	coverage	width	selected_n_outer
Continuous	Raw VI	0.3046875	0.157503526925023	2
Batch	Raw VI	0.203125	0.146317098592644	10
Rare	Raw VI	0.252604166666667	0.155265847120417	2
Continuous	Calibrated VI	0.919270833333333	0.846994579543128	2
Batch	Calibrated VI	0.903645833333333	0.741312306396869	10
Rare	Calibrated VI	0.942708333333333	0.846183867795925	2
