holdout_study	transfer_rmse	transfer_mean_absolute_error	transfer_dominant_accuracy	transfer_nb_objective	transfer_z_convergence_rate	n_replicates
Study01	0.227196692396554	0.162843099385473	0.583333333333333	1.38242919010572	1	2
Study02	0.256085374949842	0.184634267467437	0.416666666666667	1.43685830227748	1	2
Study03	0.142827763834834	0.12036758727137	0.25	1.56240849490373	1	2
