replicate	seed	holdout_study	n_train_cells	n_test_cells	n_shared_genes	transfer_rmse	transfer_mean_absolute_error	transfer_dominant_accuracy	transfer_mean_entropy_pred	transfer_nb_objective	transfer_converged	transfer_z_convergence_rate	transfer_n_nonconverged_cells	train_best_objective	train_stop_reason
1	710	Study01	24	12	90	0.236865274587405	0.167257381740941	0.5	1.6078508846373	1.43097614364328	TRUE	1	0	1.27729229089231	max_iterations
1	710	Study02	24	12	90	0.266997560664159	0.192958238480895	0.333333333333333	1.62944493205963	1.50379275147426	TRUE	1	0	1.24665977530755	max_iterations
1	710	Study03	24	12	90	0.142732590749504	0.120900201160766	0.166666666666667	1.61479689849404	1.6498912261739	TRUE	1	0	1.20757556367596	max_iterations
2	711	Study01	24	12	90	0.217528110205702	0.158428817030006	0.666666666666667	1.64836958323441	1.33388223656817	TRUE	1	0	1.15373031081999	max_iterations
2	711	Study02	24	12	90	0.245173189235525	0.176310296453979	0.5	1.61167734391194	1.36992385308071	TRUE	1	0	1.12809166191387	max_iterations
2	711	Study03	24	12	90	0.142922936920164	0.119834973381975	0.333333333333333	1.5526610607226	1.47492576363355	TRUE	1	0	1.11379247440055	max_iterations
