scenario	method	n_replicates	rmse_mean	rmse_sd	dominant_accuracy_mean	dominant_accuracy_sd	downstream_balanced_accuracy_mean	downstream_balanced_accuracy_sd	downstream_macro_f1_mean	downstream_macro_f1_sd	mean_entropy_pred_mean	mean_entropy_pred_sd	vi_interval_coverage_mean	vi_interval_coverage_sd	vi_mean_interval_width_mean	vi_mean_interval_width_sd	vi_calibrated_interval_coverage_mean	vi_calibrated_interval_coverage_sd	vi_calibrated_mean_interval_width_mean	vi_calibrated_mean_interval_width_sd	selected_n_outer
continuous	fibrodynmix_nb	2	0.178425324536453	0.00221974715540181	0.3125	0	0.71875	0.0883883476483184	0.717612161661105	0.0872544074078171	1.37773762577068	0.00292621890576514									2
continuous	fibrodynmix_vi	2	0.176186654675374	0.00357829266305698	0.3125	0	0.75	0.0883883476483184	0.747152194211018	0.0913758903045921	1.38296327993102	0.00782163318984667	0.3046875	0.0184142390933996	0.157503526925023	0.000100458499602876	0.919270833333333	0.0257799347307596	0.846994579543128	0.0256248641933268	2
batch_confounding	fibrodynmix_nb	2	0.221751054802417	0.00267871724195057	0.359375	0.110485434560398	0.953125	0.0220970869120796	0.95310972629521	0.0220754866316182	1.18621749463114	0.017912250398058									10
batch_confounding	fibrodynmix_vi	2	0.220089456922426	0.00149719232523858	0.359375	0.0662912607362388	0.9375	0.0441941738241592	0.937438905180841	0.0442373743850822	1.19498836134597	0.0209364212089224	0.203125	0.0147313912747197	0.146317098592644	0.000831694351350871	0.903645833333333	0.00368284781867996	0.741312306396869	0.0203388893831881	10
rare_transition	fibrodynmix_nb	2	0.211754584988764	0.000778883677086395	0.34375	0.176776695296637	0.625	0	0.621288515406162	0.00316910602212457	1.35102925534353	0.0105543060241273									2
rare_transition	fibrodynmix_vi	2	0.210424464583911	0.000115055031703157	0.34375	0.176776695296637	0.609375	0.0662912607362388	0.60699314208442	0.065349151766569	1.35826292720895	0.00722605751289558	0.252604166666667	0.0405113260054793	0.155265847120417	0.00275506046011364	0.942708333333333	0.00736569563735984	0.846183867795925	0.00536132790881142	2
