holdout_study	transfer_rmse	transfer_mean_absolute_error	transfer_dominant_accuracy	transfer_nb_objective	transfer_z_convergence_rate	n_replicates	selected_n_outer
Study01	0.262949349389054	0.189458737135464	0.208333333333333	1.33694632939279	1	2	10
Study02	0.25310254420164	0.18579116669494	0.416666666666667	1.47119165543791	1	2	10
Study03	0.130148642729162	0.103484566277257	0.166666666666667	1.44260861005494	1	2	10
