replicate	seed	holdout_study	n_train_cells	n_test_cells	n_shared_genes	transfer_rmse	transfer_mean_absolute_error	transfer_dominant_accuracy	transfer_mean_entropy_pred	transfer_nb_objective	transfer_nb_loglik	transfer_converged	transfer_z_convergence_rate	transfer_n_nonconverged_cells	train_best_objective	train_stop_reason	selected_n_outer
1	203515	Study01	24	12	90	0.285708215456907	0.206894718993988	0.166666666666667	1.59178377185338	1.34622737172227	-1453.92556146006	TRUE	1	0	1.10563168102604	max_iterations	10
1	203515	Study02	24	12	90	0.256499367305622	0.188385383058033	0.583333333333333	1.54223015167483	1.57473121074032	-1700.70970759954	TRUE	1	0	1.04356629330205	max_iterations	10
1	203515	Study03	24	12	90	0.121536523914269	0.0938694103238033	0.166666666666667	1.57607291401499	1.45957916263352	-1576.34549564421	TRUE	1	0	1.11775630498759	max_iterations	10
2	203516	Study01	24	12	90	0.2401904833212	0.17202275527694	0.25	1.62212964559988	1.32766528706331	-1433.87851002838	TRUE	1	0	1.07200301871731	max_iterations	10
2	203516	Study02	24	12	90	0.249705721097658	0.183196950331847	0.25	1.63584492717015	1.3676521001355	-1477.06426814634	TRUE	1	0	1.039184497171	max_iterations	10
2	203516	Study03	24	12	90	0.138760761544055	0.113099722230711	0.166666666666667	1.58079895541842	1.42563805747635	-1539.68910207446	TRUE	1	0	1.04947188628863	max_iterations	10
