state	normal	disease
resident	0.701339572339712	0.132861045617085
inflammatory	0.0726708900401651	0.28133480138622
myofibroblast	0.0723346474709254	0.342606330697252
ECM-remodeling	0.0510806413589803	0.193705750101108
antigen-presenting	0.0513635938578772	0.0247754857464935
IFN-stress	0.0512106549323401	0.0247165864518406
