state	per_state_rmse
resident	0.246861222945765
inflammatory	0.159885876702246
myofibroblast	0.152099208690262
ECM-remodeling	0.155731949522653
antigen-presenting	0.156335543476985
IFN-stress	0.140037158363556
