step	nb_objective
Initial	1.94997632395988
Best	1.85994646418419
Final	1.85994646418419
