step	nb_objective
Initial	2.21767712364889
Best	2.09494802916013
Final	2.09494802916013
