scenario	method	n_replicates	rmse_mean	rmse_sd	dominant_accuracy_mean	dominant_accuracy_sd	mean_entropy_pred_mean	mean_entropy_pred_sd	vi_interval_coverage_mean	vi_interval_coverage_sd	vi_mean_interval_width_mean	vi_mean_interval_width_sd	vi_calibrated_interval_coverage_mean	vi_calibrated_interval_coverage_sd	vi_calibrated_mean_interval_width_mean	vi_calibrated_mean_interval_width_sd
continuous	fibrodynmix_nb	2	0.188881861805478	0.0142754769085137	0.296875	0.0662912607362388	1.36078366961485	0.0169705039817267	NA	NA	NA	NA	NA	NA	NA	NA
continuous	fibrodynmix_vi	2	0.188018351333156	0.0134342361543053	0.296875	0.0662912607362388	1.37044887018799	0.0107071386805397	0.333333333333333	0.169410999659277	0.191345430211223	0.0543523314930173	0.908854166666667	0.0110485434560398	0.836150103938399	0.00168666681596059
batch_confounding	fibrodynmix_nb	2	0.205865323045949	0.00252482495765735	0.390625	0.110485434560398	1.39673410558752	0.0171573888665369	NA	NA	NA	NA	NA	NA	NA	NA
batch_confounding	fibrodynmix_vi	2	0.205079268983602	0.00312672623833402	0.40625	0.132582521472478	1.40454474711411	0.0181296527601891	0.236979166666667	0.00368284781867994	0.153751550721696	0.00657612489658485	0.919270833333333	0.0184142390933996	0.833215396742153	0.022949289652039
rare_transition	fibrodynmix_nb	2	0.213033865666041	0.0039912916873102	0.296875	0.110485434560398	1.41954149605211	0.034143903151069	NA	NA	NA	NA	NA	NA	NA	NA
rare_transition	fibrodynmix_vi	2	0.212578448267023	0.00412150752632403	0.28125	0.0441941738241592	1.42565617145079	0.0338337985569399	0.2578125	0.00368284781867996	0.160542638928295	0.00484681923528345	0.9453125	0.0257799347307595	0.863803836153313	0.0123438688729392
